<?xml version="1.0" encoding="UTF-8"?>
<jcr:root xmlns:sling="http://sling.apache.org/jcr/sling/1.0" xmlns:cq="http://www.day.com/jcr/cq/1.0" xmlns:jcr="http://www.jcp.org/jcr/1.0" xmlns:nt="http://www.jcp.org/jcr/nt/1.0"
    jcr:primaryType="cq:Page">
    <demopage/>
    <a/>
    <author-bio/>
    <jcr:content
        cq:allowedTemplates="[/conf/wknd/settings/wcm/templates/(?!xf-).*]"
        cq:conf="/conf/wknd"
        cq:redirectTarget="/content/wknd/us/en"
        cq:template="/conf/wknd/settings/wcm/templates/page-content"
        jcr:primaryType="cq:PageContent"
        jcr:title="WKND Sites Project"
        sling:configRef="/conf/wknd"
        sling:redirect="{Boolean}true"
        sling:redirectStatus="{Long}302"
        sling:resourceType="wknd/components/page">
        <image jcr:primaryType="nt:unstructured">
            <file/>
        </image>
    </jcr:content>
    <us/>
</jcr:root>
