<?xml version="1.0" encoding="UTF-8"?>
<jcr:root xmlns:sling="http://sling.apache.org/jcr/sling/1.0" xmlns:cq="http://www.day.com/jcr/cq/1.0" xmlns:jcr="http://www.jcp.org/jcr/1.0" xmlns:nt="http://www.jcp.org/jcr/nt/1.0"
    jcr:primaryType="cq:Page">
    <jcr:content
        cq:lastModified="{Date}2022-05-20T12:51:15.950+05:30"
        cq:lastModifiedBy="admin"
        cq:styleIds="[1653028423079]"
        cq:template="/conf/wknd/settings/wcm/templates/demotemplate"
        jcr:primaryType="cq:PageContent"
        jcr:title="DemoPage"
        sling:resourceType="wknd/components/page">
        <root
            jcr:primaryType="nt:unstructured"
            sling:resourceType="wknd/components/container"
            layout="responsiveGrid">
            <container_80895321
                jcr:created="{Date}2022-05-19T16:05:24.883+05:30"
                jcr:createdBy="admin"
                jcr:lastModified="{Date}2022-05-19T16:06:08.936+05:30"
                jcr:lastModifiedBy="admin"
                jcr:primaryType="nt:unstructured"
                sling:resourceType="wknd/components/container">
                <text
                    jcr:created="{Date}2022-05-19T16:05:36.816+05:30"
                    jcr:createdBy="admin"
                    jcr:lastModified="{Date}2022-05-19T16:05:36.816+05:30"
                    jcr:lastModifiedBy="admin"
                    jcr:primaryType="nt:unstructured"
                    sling:resourceType="wknd/components/text"/>
            </container_80895321>
            <container_333431457
                jcr:created="{Date}2022-05-19T16:24:16.369+05:30"
                jcr:createdBy="admin"
                jcr:lastModified="{Date}2022-05-19T16:25:05.565+05:30"
                jcr:lastModifiedBy="admin"
                jcr:primaryType="nt:unstructured"
                sling:resourceType="wknd/components/container">
                <image
                    jcr:created="{Date}2022-05-19T16:24:27.759+05:30"
                    jcr:createdBy="admin"
                    jcr:lastModified="{Date}2022-05-19T16:24:27.759+05:30"
                    jcr:lastModifiedBy="admin"
                    jcr:primaryType="nt:unstructured"
                    sling:resourceType="wknd/components/image"/>
            </container_333431457>
            <container
                jcr:created="{Date}2022-05-19T16:31:53.855+05:30"
                jcr:createdBy="admin"
                jcr:lastModified="{Date}2022-05-19T16:36:59.251+05:30"
                jcr:lastModifiedBy="admin"
                jcr:primaryType="nt:unstructured"
                sling:resourceType="wknd/components/container">
                <container
                    jcr:created="{Date}2022-05-19T18:47:04.842+05:30"
                    jcr:createdBy="admin"
                    jcr:lastModified="{Date}2022-05-19T18:47:16.869+05:30"
                    jcr:lastModifiedBy="admin"
                    jcr:primaryType="nt:unstructured"
                    sling:resourceType="wknd/components/form/container"
                    action="/content/usergenerated/wknd/demopage/cq-gen1652966224845/"
                    actionType="foundation/components/form/actions/store">
                    <text
                        jcr:created="{Date}2022-05-19T18:50:34.177+05:30"
                        jcr:createdBy="admin"
                        jcr:lastModified="{Date}2022-05-19T18:51:22.701+05:30"
                        jcr:lastModifiedBy="admin"
                        jcr:primaryType="nt:unstructured"
                        jcr:title="Email ID"
                        sling:resourceType="wknd/components/form/text"
                        name="Email"
                        rows="2"
                        type="email"/>
                    <button
                        jcr:created="{Date}2022-05-19T18:51:46.212+05:30"
                        jcr:createdBy="admin"
                        jcr:lastModified="{Date}2022-05-19T18:52:03.001+05:30"
                        jcr:lastModifiedBy="admin"
                        jcr:primaryType="nt:unstructured"
                        jcr:title="SignUp"
                        sling:resourceType="wknd/components/form/button"
                        type="submit"/>
                </container>
            </container>
            <container_1221241770
                jcr:primaryType="nt:unstructured"
                sling:resourceType="wknd/components/container">
                <publication2
                    jcr:created="{Date}2022-05-19T18:58:28.072+05:30"
                    jcr:createdBy="admin"
                    jcr:lastModified="{Date}2022-05-19T18:58:55.357+05:30"
                    jcr:lastModifiedBy="admin"
                    jcr:primaryType="nt:unstructured"
                    sling:resourceType="wknd/components/publication2"
                    title1="Publication">
                    <books jcr:primaryType="nt:unstructured">
                        <item0
                            jcr:primaryType="nt:unstructured"
                            copies="200"
                            date="{Date}2022-05-31T00:00:00.000+05:30"
                            description="This is Java Book"
                            title2="Java Book"/>
                    </books>
                </publication2>
            </container_1221241770>
        </root>
    </jcr:content>
</jcr:root>
