<?xml version="1.0" encoding="UTF-8"?>
<jcr:root xmlns:jcr="http://www.jcp.org/jcr/1.0" xmlns:nt="http://www.jcp.org/jcr/nt/1.0" xmlns:cq="http://www.day.com/jcr/cq/1.0" xmlns:sling="http://sling.apache.org/jcr/sling/1.0"
    jcr:primaryType="nt:unstructured"
    jcr:title="Properties"
    sling:resourceType="cq/gui/components/authoring/dialog">
    <content
        jcr:primaryType="nt:unstructured"
        sling:resourceType="granite/ui/components/coral/foundation/fixedcolumns">
        <items jcr:primaryType="nt:unstructured">
            <column
                jcr:primaryType="nt:unstructured"
                sling:resourceType="granite/ui/components/coral/foundation/container">
                <items jcr:primaryType="nt:unstructured">
                    <title
                        jcr:primaryType="nt:unstructured"
                        sling:resourceType="granite/ui/components/coral/foundation/form/textfield"
                        fieldLabel="Title"
                        name="./title"/>
                    <nav
                        sling:resourceType="granite/ui/components/coral/foundation/form/multifield"
                        fieldDescription="Click '+' to add a new link"
                        fieldLabel="Location Details"
                        jcr:primaryType="nt:unstructured"
                        composite="{Boolean}true">
                        <field sling:resourceType="granite/ui/components/coral/foundation/container"
                                jcr:primaryType="nt:unstructured" name="./items">
                            <items jcr:primaryType="nt:unstructured">
                                <month
                                    sling:resourceType="granite/ui/components/coral/foundation/form/textfield"
                                    fieldLabel="Month"
                                    jcr:primaryType="nt:unstructured"
                                    name="./month" />
                                <date
                                    jcr:primaryType="nt:unstructured"
                                    sling:resourceType="granite/ui/components/foundation/form/numberfield"
                                    min="1"
                                    fieldLabel="Date"
                                    name="./date"/>
                                <locationImage
                                    jcr:primaryType="nt:unstructured"
                                    sling:resourceType="granite/ui/components/foundation/form/pathbrowser"
                                    rootPath="/content/"
                                    emptyText="Path to target Image"
                                    fieldLabel="Location Image Path"
                                    name="./locationImage"/>
                                <cityName
                                    jcr:primaryType="nt:unstructured"
                                    sling:resourceType="granite/ui/components/coral/foundation/form/textfield"
                                    fieldLabel="City Name"
                                    name="./cityName"/>
                            </items>
                        </field>
                    </nav>               
                    <eventTitle
                        jcr:primaryType="nt:unstructured"
                        sling:resourceType="granite/ui/components/coral/foundation/form/textfield"
                        fieldLabel="Event Title"
                        name="./eventTitle"/>
                    <eventDescription
                        jcr:primaryType="nt:unstructured"
                        sling:resourceType="granite/ui/components/coral/foundation/form/textfield"
                        fieldLabel="Event Description"
                        name="./eventDescription"/>
                </items>
            </column>
        </items>
    </content>
</jcr:root>
