<?xml version="1.0" encoding="UTF-8"?>
<jcr:root xmlns:sling="http://sling.apache.org/jcr/sling/1.0" xmlns:cq="http://www.day.com/jcr/cq/1.0" xmlns:jcr="http://www.jcp.org/jcr/1.0" xmlns:nt="http://www.jcp.org/jcr/nt/1.0"
    jcr:primaryType="nt:unstructured"
    jcr:title="statistic"
    sling:resourceType="cq/gui/components/authoring/dialog"
    helpPath="https://www.adobe.com/go/aem6_5_docs_component_en#Title - HTL">
    <content
        jcr:primaryType="nt:unstructured"
        sling:resourceType="granite/ui/components/foundation/container">
        <layout
            jcr:primaryType="nt:unstructured"
            sling:resourceType="granite/ui/components/foundation/layouts/fixedcolumns"
            margin="{Boolean}false"/>
        <items jcr:primaryType="nt:unstructured">
            <column
                jcr:primaryType="nt:unstructured"
                sling:resourceType="granite/ui/components/foundation/container">
               <items jcr:primaryType="nt:unstructured">
                    <contentDetail
                        sling:resourceType="granite/ui/components/coral/foundation/form/multifield"
                        fieldDescription="Click '+' to add a new link"
                        fieldLabel="Content Detail"
                        jcr:primaryType="nt:unstructured"
                        composite="{Boolean}true">
                        <field sling:resourceType="granite/ui/components/coral/foundation/container"
                                jcr:primaryType="nt:unstructured" 
                                name="./contentDetail">
                            <items jcr:primaryType="nt:unstructured">
                               
                                
                                    <value
                                          sling:resourceType="granite/ui/components/coral/foundation/form/textfield"
                                          fieldLabel="Value"
                                           jcr:primaryType="nt:unstructured"
                                           name="./value" />

                                    <text
                                          sling:resourceType="granite/ui/components/coral/foundation/form/textfield"
                                          fieldLabel="Text"
                                           jcr:primaryType="nt:unstructured"
                                           name="./text" />    
                             
                            </items>
                        </field>
                    </contentDetail>               
                </items>
            </column>
        </items>
    </content>
</jcr:root>
